{"Age": [13, 15, 14, 15, 14, 16, 13], "Birth Month": ["November", "January", "February", "July", "November", "April", "May"], "Hair Color": ["black", "brown", "blonde", "black", "black", "brown", "red"], "Height": [60, 67, 59, 65, 58, 63, 60], "Favorite Color": ["blue", "teal", "purple", "green", "pink", "red", "black"], "Favorite Class": ["English", "Math", "Math", "History", "Physics", "English", "Math"], "Favorite Fast Food": ["In-N-Out", "Taco Bell", "McDonald's", "McDonald's", "In-N-Out", "In-N-Out", "Subway"]}